strategy,Amazon,CS,Citeseer,Cora,Photo,Pubmed,Reddit,YelpChi,mean
MIN_all,0.4668422404933196,0.5415533656647682,0.591726996117931,0.638059682043263,0.5192820987654321,0.5387196387159771,0.5189079890113396,0.5859651916821474,0.5501321503117723
MEDIAN,0.44839414182939363,0.5437290644560988,0.6173119294932325,0.6357623143080533,0.5279689814814815,0.5252494725462502,0.5138121212869784,0.5879503676397115,0.55002229913015
"W[2,1,1]",0.45459917780061665,0.5516701441756424,0.6064757108383171,0.6308756841282251,0.5675518518518519,0.5322033617548081,0.49569089297790025,0.552924072674347,0.5489988620252135
"W[3,1,0]",0.47695272353545737,0.5603788605048967,0.5791648305529326,0.6132707844670315,0.5850759259259259,0.5520568080765811,0.48848537435656747,0.5359229479429668,0.5489135319202949
P1_only,0.4930113052415211,0.5624890035526984,0.5622998636029798,0.6052697419859264,0.5968237654320988,0.5591852365259542,0.4895243101980656,0.5213697872166942,0.5487466267194923
"W[2,2,1]",0.4449897225077081,0.5512283125622662,0.6053352219074598,0.6325775345321866,0.5594001543209877,0.5294817439974892,0.5009643125860097,0.5603449416047346,0.5480402430023552
MEAN_P1P2,0.4581963001027749,0.5575666835842779,0.5885300598048474,0.6201980714099556,0.5686521604938272,0.5425377935868598,0.49400775258428054,0.5528623385328814,0.5478188950124631
MEAN_all,0.4355601233299075,0.546075913081073,0.6129996852376456,0.6368386760489967,0.5518904320987654,0.5211160659796691,0.5026946714878436,0.5653554720176469,0.5465663799101934
"W[1,2,1]",0.42975334018499484,0.5466498430421625,0.6099905571293673,0.6377508470158979,0.544366049382716,0.5201861780962843,0.509497996494251,0.5719029790738337,0.5462622238024385
"W[1,1,2]",0.42589928057553955,0.5387239421793643,0.6199391459448116,0.6388141777430284,0.5407109567901235,0.5111691164931736,0.5095450863416798,0.5715254161168186,0.5445408902730675
P2_only,0.4199383350462487,0.5465174157408974,0.5921687126219704,0.6303453218660412,0.5186600308641975,0.5173918065944796,0.5235736150695746,0.5903606879893992,0.542369490724101
MAX_P1P2,0.4535585817060638,0.5531675877366116,0.5866624698352744,0.6040565545999479,0.5800149691358025,0.536159221286464,0.4838629783222016,0.5342323808253103,0.5414643429309596
MEAN_P2P3,0.4066032887975334,0.5311365815146901,0.6195299548840626,0.6424563461037269,0.5091671296296296,0.49951487332391764,0.5260889334226754,0.5903210458773693,0.5406022691942006
MAX_P1P3,0.43988951695786227,0.5433620462790654,0.610630573916693,0.6165220224133439,0.582478549382716,0.5057530383079633,0.4883963410931226,0.5344190548404836,0.5401813928989062
P3_only,0.43057553956834527,0.5086716385646347,0.6241380757528066,0.6260854834506124,0.4984912037037037,0.4856869540199822,0.5225921905991167,0.588704294479776,0.5356181725173722
MAX_P2P3,0.3932168550873587,0.5318555799921051,0.5960497324519988,0.6382056293979672,0.5117712962962964,0.4899012222977803,0.5268795539484965,0.5860586649481394,0.5342423168025179
MAX_all,0.41458119218910583,0.5439632323915863,0.5892057496590074,0.616940317956737,0.5752225308641975,0.5035867290892923,0.4889274528149436,0.5340013592411795,0.5333035705257562
