dataset,strategy,auroc,auprc
Cora,P1_only,0.6052697419859264,0.08261436695272119
Cora,P2_only,0.6303453218660412,0.09238086595639802
Cora,P3_only,0.6260854834506124,0.08296293762134213
Cora,MAX_all,0.616940317956737,0.07933233655090334
Cora,MAX_P1P2,0.6040565545999479,0.0787152378605119
Cora,MAX_P2P3,0.6382056293979672,0.08674264547874572
Cora,MAX_P1P3,0.6165220224133439,0.07981261568718945
Cora,MEAN_all,0.6368386760489967,0.09319835418992731
Cora,MEAN_P1P2,0.6201980714099556,0.09150483104758965
Cora,MEAN_P2P3,0.6424563461037269,0.09046127853101005
Cora,"W[1,2,1]",0.6377508470158979,0.09433108290481813
Cora,"W[2,1,1]",0.6308756841282251,0.09089467207976816
Cora,"W[1,1,2]",0.6388141777430284,0.08965572286015833
Cora,"W[2,2,1]",0.6325775345321866,0.09303420052637518
Cora,"W[3,1,0]",0.6132707844670315,0.08781872484983491
Cora,MIN_all,0.638059682043263,0.09873957678358149
Cora,MEDIAN,0.6357623143080533,0.0980447369500718
Citeseer,P1_only,0.5622998636029798,0.05339809454646981
Citeseer,P2_only,0.5921687126219704,0.06451014311243164
Citeseer,P3_only,0.6241380757528066,0.06695688050062598
Citeseer,MAX_all,0.5892057496590074,0.06017602499338813
Citeseer,MAX_P1P2,0.5866624698352744,0.06288955382799229
Citeseer,MAX_P2P3,0.5960497324519988,0.06118708846461446
Citeseer,MAX_P1P3,0.610630573916693,0.06364909102444334
Citeseer,MEAN_all,0.6129996852376456,0.06491567674093676
Citeseer,MEAN_P1P2,0.5885300598048474,0.05821152738991477
Citeseer,MEAN_P2P3,0.6195299548840626,0.07614240887240299
Citeseer,"W[1,2,1]",0.6099905571293673,0.06472363888456831
Citeseer,"W[2,1,1]",0.6064757108383171,0.06170996685960358
Citeseer,"W[1,1,2]",0.6199391459448116,0.06793293578520954
Citeseer,"W[2,2,1]",0.6053352219074598,0.06207946591250592
Citeseer,"W[3,1,0]",0.5791648305529326,0.05589100650331501
Citeseer,MIN_all,0.591726996117931,0.06073236088710906
Citeseer,MEDIAN,0.6173119294932325,0.07475064677375029
Pubmed,P1_only,0.5591852365259542,0.03994100180912008
Pubmed,P2_only,0.5173918065944796,0.03577685144794686
Pubmed,P3_only,0.4856869540199822,0.03312416908487367
Pubmed,MAX_all,0.5035867290892923,0.03365117074977554
Pubmed,MAX_P1P2,0.536159221286464,0.03739284382146083
Pubmed,MAX_P2P3,0.4899012222977803,0.032733985682092265
Pubmed,MAX_P1P3,0.5057530383079633,0.0340623697875357
Pubmed,MEAN_all,0.5211160659796691,0.03637540446231889
Pubmed,MEAN_P1P2,0.5425377935868598,0.03802523120530571
Pubmed,MEAN_P2P3,0.49951487332391764,0.034660686797857665
Pubmed,"W[1,2,1]",0.5201861780962843,0.03618081811749291
Pubmed,"W[2,1,1]",0.5322033617548081,0.037443385626950196
Pubmed,"W[1,1,2]",0.5111691164931736,0.03546123038780997
Pubmed,"W[2,2,1]",0.5294817439974892,0.037087043699035364
Pubmed,"W[3,1,0]",0.5520568080765811,0.03914264170401334
Pubmed,MIN_all,0.5387196387159771,0.038387513924626096
Pubmed,MEDIAN,0.5252494725462502,0.03702076671483984
Photo,P1_only,0.5968237654320988,0.09211267634644181
Photo,P2_only,0.5186600308641975,0.06067824081140237
Photo,P3_only,0.4984912037037037,0.05818894252053461
Photo,MAX_all,0.5752225308641975,0.08028858382833198
Photo,MAX_P1P2,0.5800149691358025,0.08298318500328611
Photo,MAX_P2P3,0.5117712962962964,0.05947755135249272
Photo,MAX_P1P3,0.582478549382716,0.08344357520073119
Photo,MEAN_all,0.5518904320987654,0.06859141506101064
Photo,MEAN_P1P2,0.5686521604938272,0.07401314645336483
Photo,MEAN_P2P3,0.5091671296296296,0.05940115257544618
Photo,"W[1,2,1]",0.544366049382716,0.0661994099621867
Photo,"W[2,1,1]",0.5675518518518519,0.07432540581126124
Photo,"W[1,1,2]",0.5407109567901235,0.06566126961056513
Photo,"W[2,2,1]",0.5594001543209877,0.0709602637280558
Photo,"W[3,1,0]",0.5850759259259259,0.08319032517870581
Photo,MIN_all,0.5192820987654321,0.06316200436784875
Photo,MEDIAN,0.5279689814814815,0.06311392520907808
CS,P1_only,0.5624890035526984,0.04197127100431299
CS,P2_only,0.5465174157408974,0.039849018222419375
CS,P3_only,0.5086716385646347,0.03897029686641563
CS,MAX_all,0.5439632323915863,0.03986244867022072
CS,MAX_P1P2,0.5531675877366116,0.040486528788719986
CS,MAX_P2P3,0.5318555799921051,0.03949259502813859
CS,MAX_P1P3,0.5433620462790654,0.04025161623407333
CS,MEAN_all,0.546075913081073,0.0400188450198985
CS,MEAN_P1P2,0.5575666835842779,0.04112327726343807
CS,MEAN_P2P3,0.5311365815146901,0.039261344129977734
CS,"W[1,2,1]",0.5466498430421625,0.0400429437134191
CS,"W[2,1,1]",0.5516701441756424,0.040575312003095935
CS,"W[1,1,2]",0.5387239421793643,0.039509321058782514
CS,"W[2,2,1]",0.5512283125622662,0.04047425719210419
CS,"W[3,1,0]",0.5603788605048967,0.04163772971274131
CS,MIN_all,0.5415533656647682,0.04021812094641217
CS,MEDIAN,0.5437290644560988,0.040500485585126686
Amazon,P1_only,0.4930113052415211,0.027774570069353438
Amazon,P2_only,0.4199383350462487,0.01696328013932886
Amazon,P3_only,0.43057553956834527,0.017355442657309074
Amazon,MAX_all,0.41458119218910583,0.01719274701491989
Amazon,MAX_P1P2,0.4535585817060638,0.019728163352795744
Amazon,MAX_P2P3,0.3932168550873587,0.01619459391923948
Amazon,MAX_P1P3,0.43988951695786227,0.01833509354510344
Amazon,MEAN_all,0.4355601233299075,0.0173725819658994
Amazon,MEAN_P1P2,0.4581963001027749,0.019205096421799336
Amazon,MEAN_P2P3,0.4066032887975334,0.015980720617549297
Amazon,"W[1,2,1]",0.42975334018499484,0.01711438720426141
Amazon,"W[2,1,1]",0.45459917780061665,0.019086172936329623
Amazon,"W[1,1,2]",0.42589928057553955,0.016849023056919224
Amazon,"W[2,2,1]",0.4449897225077081,0.017983607386190578
Amazon,"W[3,1,0]",0.47695272353545737,0.024207122242285144
Amazon,MIN_all,0.4668422404933196,0.019058769654745858
Amazon,MEDIAN,0.44839414182939363,0.017695158835116936
YelpChi,P1_only,0.5213697872166942,0.05890584592939965
YelpChi,P2_only,0.5903606879893992,0.07991717553046818
YelpChi,P3_only,0.588704294479776,0.07979006142213685
YelpChi,MAX_all,0.5340013592411795,0.06384889975957347
YelpChi,MAX_P1P2,0.5342323808253103,0.0638875120774831
YelpChi,MAX_P2P3,0.5860586649481394,0.07886099017109555
YelpChi,MAX_P1P3,0.5344190548404836,0.0639431060772016
YelpChi,MEAN_all,0.5653554720176469,0.07565985000707494
YelpChi,MEAN_P1P2,0.5528623385328814,0.0718435435569447
YelpChi,MEAN_P2P3,0.5903210458773693,0.08014629324687955
YelpChi,"W[1,2,1]",0.5719029790738337,0.07708568215090145
YelpChi,"W[2,1,1]",0.552924072674347,0.0719199754929763
YelpChi,"W[1,1,2]",0.5715254161168186,0.07713605553741514
YelpChi,"W[2,2,1]",0.5603449416047346,0.07430235003943064
YelpChi,"W[3,1,0]",0.5359229479429668,0.06519760527367885
YelpChi,MIN_all,0.5859651916821474,0.07931835702116656
YelpChi,MEDIAN,0.5879503676397115,0.0802387463971426
Reddit,P1_only,0.4895243101980656,0.03433174702746125
Reddit,P2_only,0.5235736150695746,0.0393005286847737
Reddit,P3_only,0.5225921905991167,0.039748149643449554
Reddit,MAX_all,0.4889274528149436,0.03456549229518573
Reddit,MAX_P1P2,0.4838629783222016,0.03278879855616004
Reddit,MAX_P2P3,0.5268795539484965,0.039948011838376214
Reddit,MAX_P1P3,0.4883963410931226,0.034510701457768425
Reddit,MEAN_all,0.5026946714878436,0.03959708808234295
Reddit,MEAN_P1P2,0.49400775258428054,0.037029672312139494
Reddit,MEAN_P2P3,0.5260889334226754,0.0401246469573743
Reddit,"W[1,2,1]",0.509497996494251,0.040041780708219905
Reddit,"W[2,1,1]",0.49569089297790025,0.03825020362395902
Reddit,"W[1,1,2]",0.5095450863416798,0.040425338272581685
Reddit,"W[2,2,1]",0.5009643125860097,0.03901803277126407
Reddit,"W[3,1,0]",0.48848537435656747,0.03519657895550528
Reddit,MIN_all,0.5189079890113396,0.045620836585909375
Reddit,MEDIAN,0.5138121212869784,0.039052994481048146
